MatchDate,HomeTeam,AwayTeam,HomeGoals,AwayGoals
2024/8/16,Manchester United,Fulham,1,0
2024/8/17,Ipswich Town,Liverpool,0,2
2024/8/17,Newcastle United,Southampton,1,0
2024/8/17,Nottingham Forest,AFC Bournemouth,1,1
2024/8/17,Everton,Brighton & Hove Albion,0,3
2024/8/17,Arsenal,Wolverhampton Wanderers,2,0
2024/8/17,West Ham United,Aston Villa,1,2
2024/8/18,Brentford,Crystal Palace,2,1
2024/8/18,Chelsea,Manchester City,0,2
2024/8/19,Leicester City,Tottenham Hotspur,1,1
2024/8/24,Brighton & Hove Albion,Manchester United,2,1
2024/8/24,Tottenham Hotspur,Everton,4,0
2024/8/24,Fulham,Leicester City,2,1
2024/8/24,Crystal Palace,West Ham United,0,2
2024/8/24,Manchester City,Ipswich Town,4,1
2024/8/24,Southampton,Nottingham Forest,0,1
2024/8/24,Aston Villa,Arsenal,0,2
2024/8/25,AFC Bournemouth,Newcastle United,1,1
2024/8/25,Wolverhampton Wanderers,Chelsea,2,6
2024/8/25,Liverpool,Brentford,2,0
2024/8/31,Arsenal,Brighton & Hove Albion,1,1
2024/8/31,Everton,AFC Bournemouth,2,3
2024/8/31,Leicester City,Aston Villa,1,2
2024/8/31,Nottingham Forest,Wolverhampton Wanderers,1,1
2024/8/31,Ipswich Town,Fulham,1,1
2024/8/31,Brentford,Southampton,3,1
2024/8/31,West Ham United,Manchester City,1,3
2024/9/1,Newcastle United,Tottenham Hotspur Hotspur,2,1
2024/9/1,Chelsea,Crystal Palace,1,1
2024/9/1,Manchester United,Liverpool,0,3
2024/9/14,Southampton,Manchester United,0,3
2024/9/14,Brighton & Hove Albion,Ipswich Town,0,0
2024/9/14,Crystal Palace,Leicester City,2,2
2024/9/14,Manchester City,Brentford,2,1
2024/9/14,Liverpool,Nottingham Forest,0,1
2024/9/14,Fulham,West Ham United,1,1
2024/9/14,Aston Villa,Everton,3,2
2024/9/14,AFC Bournemouth,Chelsea,0,1
2024/9/15,Tottenham Hotspur,Arsenal,0,1
2024/9/15,Wolverhampton Wanderers,Newcastle United,1,2
2024/9/21,West Ham United,Chelsea,0,3
2024/9/21,Liverpool,AFC Bournemouth,3,0
2024/9/21,Leicester City,Everton,1,1
2024/9/21,Southampton,Ipswich Town,1,1
2024/9/21,Tottenham Hotspur,Brentford,3,1
2024/9/21,Fulham,Newcastle United,3,1
2024/9/21,Aston Villa,Wolverhampton Wanderers,3,1
2024/9/21,Crystal Palace,Manchester United,0,0
2024/9/22,Brighton & Hove Albion,Nottingham Forest,2,2
2024/9/22,Manchester City,Arsenal,2,2
2024/9/28,Newcastle United,Manchester City,1,1
2024/9/28,Chelsea,Brighton & Hove Albion,4,2
2024/9/28,Arsenal,Leicester City,4,2
2024/9/28,Brentford,West Ham United,1,1
2024/9/28,Everton,Crystal Palace,2,1
2024/9/28,Nottingham Forest,Fulham,0,1
2024/9/28,Wolverhampton Wanderers,Liverpool,1,2
2024/9/29,Ipswich Town,Aston Villa,2,2
2024/9/29,Manchester United,Tottenham Hotspur,0,3
2024/9/30,AFC Bournemouth,Southampton,3,1
2024/10/5,Crystal Palace,Liverpool,0,1
2024/10/5,Manchester City,Fulham,3,2
2024/10/5,Brentford,Wolverhampton Wanderers,5,3
2024/10/5,West Ham United,Ipswich Town,4,1
2024/10/5,Aston Villa,Manchester United,0,0
2024/10/5,Chelsea,Nottingham Forest,1,1
2024/10/5,Arsenal,Southampton,3,1
2024/10/5,Leicester City,AFC Bournemouth,1,0
2024/10/5,Brighton & Hove Albion,Tottenham Hotspur,3,2
2024/10/5,Everton,Newcastle United,0,0
2024/10/19,AFC Bournemouth,Arsenal,,
2024/10/19,Southampton,Leicester City,,
2024/10/19,Ipswich Town,Everton,,
2024/10/19,Newcastle United,Brighton & Hove Albion,,
2024/10/19,Nottingham Forest,Crystal Palace,,
2024/10/19,Fulham,Aston Villa,,
2024/10/19,Manchester United,Brentford,,
2024/10/19,Wolverhampton Wanderers,Manchester City,,
2024/10/19,Tottenham Hotspur,West Ham United,,
2024/10/19,Liverpool,Chelsea,,
2024/10/26,Everton,Fulham,,
2024/10/26,Brentford,Ipswich Town,,
2024/10/26,Leicester City,Nottingham Forest,,
2024/10/26,Chelsea,Newcastle United,,
2024/10/26,West Ham United,Manchester United,,
2024/10/26,Arsenal,Liverpool,,
2024/10/26,Brighton & Hove Albion,Wolverhampton Wanderers,,
2024/10/26,Manchester City,Southampton,,
2024/10/26,Aston Villa,AFC Bournemouth,,
2024/10/26,Crystal Palace,Tottenham Hotspur,,
2024/11/2,Manchester United,Chelsea,,
2024/11/2,Southampton,Everton,,
2024/11/2,Liverpool,Brighton & Hove Albion,,
2024/11/2,Tottenham Hotspur,Aston Villa,,
2024/11/2,Wolverhampton Wanderers,Crystal Palace,,
2024/11/2,Nottingham Forest,West Ham United,,
2024/11/2,Newcastle United,Arsenal,,
2024/11/2,Fulham,Brentford,,
2024/11/2,Ipswich Town,Leicester City,,
2024/11/2,AFC Bournemouth,Manchester City,,
2024/11/9,Brentford,AFC Bournemouth,,
2024/11/9,Chelsea,Arsenal,,
2024/11/9,Manchester United,Leicester City,,
2024/11/9,Brighton & Hove Albion,Manchester City,,
2024/11/9,Liverpool,Aston Villa,,
2024/11/9,Nottingham Forest,Newcastle United,,
2024/11/9,West Ham United,Everton,,
2024/11/9,Crystal Palace,Fulham,,
2024/11/9,Wolverhampton Wanderers,Southampton,,
2024/11/9,Tottenham Hotspur,Ipswich Town,,
2024/11/23,Arsenal,Nottingham Forest,,
2024/11/23,AFC Bournemouth,Brighton & Hove Albion,,
2024/11/23,Newcastle United,West Ham United,,
2024/11/23,Leicester City,Chelsea,,
2024/11/23,Aston Villa,Crystal Palace,,
2024/11/23,Manchester City,Tottenham Hotspur,,
2024/11/23,Ipswich Town,Manchester United,,
2024/11/23,Everton,Brentford,,
2024/11/23,Southampton,Liverpool,,
2024/11/23,Fulham,Wolverhampton Wanderers,,
2024/11/30,Chelsea,Aston Villa,,
2024/11/30,Liverpool,Manchester City,,
2024/11/30,Tottenham Hotspur,Fulham,,
2024/11/30,Crystal Palace,Newcastle United,,
2024/11/30,Wolverhampton Wanderers,AFC Bournemouth,,
2024/11/30,Brighton & Hove Albion,Southampton,,
2024/11/30,Nottingham Forest,Ipswich Town,,
2024/11/30,Manchester United,Everton,,
2024/11/30,Brentford,Leicester City,,
2024/11/30,West Ham United,Arsenal,,
2024/12/3,Fulham,Brighton & Hove Albion,,
2024/12/3,Leicester City,West Ham United,,
2024/12/3,Everton,Wolverhampton Wanderers,,
2024/12/3,Arsenal,Manchester United,,
2024/12/3,Aston Villa,Brentford,,
2024/12/3,AFC Bournemouth,Tottenham Hotspur,,
2024/12/3,Ipswich Town,Crystal Palace,,
2024/12/4,Newcastle United,Liverpool,,
2024/12/4,Manchester City,Nottingham Forest,,
2024/12/4,Southampton,Chelsea,,
2024/12/7,Fulham,Arsenal,,
2024/12/7,Manchester United,Nottingham Forest,,
2024/12/7,Brentford,Newcastle United,,
2024/12/7,Ipswich Town,AFC Bournemouth,,
2024/12/7,West Ham United,Wolverhampton Wanderers,,
2024/12/7,Crystal Palace,Manchester City,,
2024/12/7,Leicester City,Brighton & Hove Albion,,
2024/12/7,Everton,Liverpool,,
2024/12/7,Aston Villa,Southampton,,
2024/12/7,Tottenham Hotspur,Chelsea,,
2024/12/14,Newcastle United,Leicester City,,
2024/12/14,Nottingham Forest,Aston Villa,,
2024/12/14,Arsenal,Everton,,
2024/12/14,Southampton,Tottenham Hotspur,,
2024/12/14,Manchester City,Manchester United,,
2024/12/14,Wolverhampton Wanderers,Ipswich Town,,
2024/12/14,AFC Bournemouth,West Ham United,,
2024/12/14,Chelsea,Brentford,,
2024/12/14,Liverpool,Fulham,,
2024/12/14,Brighton & Hove Albion,Crystal Palace,,
2024/12/21,West Ham United,Brighton & Hove Albion,,
2024/12/21,Brentford,Nottingham Forest,,
2024/12/21,Tottenham Hotspur,Liverpool,,
2024/12/21,Crystal Palace,Arsenal,,
2024/12/21,Ipswich Town,Newcastle United,,
2024/12/21,Manchester United,AFC Bournemouth,,
2024/12/21,Fulham,Southampton,,
2024/12/21,Aston Villa,Manchester City,,
2024/12/21,Everton,Chelsea,,
2024/12/21,Leicester City,Wolverhampton Wanderers,,
2024/12/26,Chelsea,Fulham,,
2024/12/26,Brighton & Hove Albion,Brentford,,
2024/12/26,Liverpool,Leicester City,,
2024/12/26,Arsenal,Ipswich Town,,
2024/12/26,Wolverhampton Wanderers,Manchester United,,
2024/12/26,Southampton,West Ham United,,
2024/12/26,Manchester City,Everton,,
2024/12/26,AFC Bournemouth,Crystal Palace,,
2024/12/26,Newcastle United,Aston Villa,,
2024/12/26,Nottingham Forest,Tottenham Hotspur,,
2024/12/29,Tottenham Hotspur,Wolverhampton Wanderers,,
2024/12/29,Fulham,AFC Bournemouth,,
2024/12/29,Aston Villa,Brighton & Hove Albion,,
2024/12/29,Everton,Nottingham Forest,,
2024/12/29,Crystal Palace,Southampton,,
2024/12/29,Brentford,Arsenal,,
2024/12/29,Ipswich Town,Chelsea,,
2024/12/29,Leicester City,Manchester City,,
2024/12/29,Manchester United,Newcastle United,,
2024/12/29,West Ham United,Liverpool,,
2025/1/4,Southampton,Brentford,,
2025/1/4,AFC Bournemouth,Everton,,
2025/1/4,Liverpool,Manchester United,,
2025/1/4,Brighton & Hove Albion,Arsenal,,
2025/1/4,Wolverhampton Wanderers,Nottingham Forest,,
2025/1/4,Fulham,Ipswich Town,,
2025/1/4,Tottenham Hotspur,Newcastle United,,
2025/1/4,Crystal Palace,Chelsea,,
2025/1/4,Manchester City,West Ham United,,
2025/1/4,Aston Villa,Leicester City,,
2025/1/14,Nottingham Forest,Liverpool,,
2025/1/14,Everton,Aston Villa,,
2025/1/14,Brentford,Manchester City,,
2025/1/14,Leicester City,Crystal Palace,,
2025/1/14,Ipswich Town,Brighton & Hove Albion,,
2025/1/14,West Ham United,Fulham,,
2025/1/14,Arsenal,Tottenham Hotspur,,
2025/1/15,Newcastle United,Wolverhampton Wanderers,,
2025/1/15,Chelsea,AFC Bournemouth,,
2025/1/15,Manchester United,Southampton,,
2025/1/18,West Ham United,Crystal Palace,,
2025/1/18,Arsenal,Aston Villa,,
2025/1/18,Manchester United,Brighton & Hove Albion,,
2025/1/18,Brentford,Liverpool,,
2025/1/18,Ipswich Town,Manchester City,,
2025/1/18,Newcastle United,AFC Bournemouth,,
2025/1/18,Leicester City,Fulham,,
2025/1/18,Nottingham Forest,Southampton,,
2025/1/18,Chelsea,Wolverhampton Wanderers,,
2025/1/18,Everton,Tottenham Hotspur,,
2025/1/25,Wolverhampton Wanderers,Arsenal,,
2025/1/25,Crystal Palace,Brentford,,
2025/1/25,Southampton,Newcastle United,,
2025/1/25,Tottenham Hotspur,Leicester City,,
2025/1/25,Brighton & Hove Albion,Everton,,
2025/1/25,Aston Villa,West Ham United,,
2025/1/25,Manchester City,Chelsea,,
2025/1/25,Fulham,Manchester United,,
2025/1/25,Liverpool,Ipswich Town,,
2025/1/25,AFC Bournemouth,Nottingham Forest,,
2025/2/1,Ipswich Town,Southampton,,
2025/2/1,Arsenal,Manchester City,,
2025/2/1,Everton,Leicester City,,
2025/2/1,Newcastle United,Fulham,,
2025/2/1,Wolverhampton Wanderers,Aston Villa,,
2025/2/1,Brentford,Tottenham Hotspur,,
2025/2/1,Manchester United,Crystal Palace,,
2025/2/1,AFC Bournemouth,Liverpool,,
2025/2/1,Nottingham Forest,Brighton & Hove Albion,,
2025/2/1,Chelsea,West Ham United,,
2025/2/15,Aston Villa,Ipswich Town,,
2025/2/15,Tottenham Hotspur,Manchester United,,
2025/2/15,Crystal Palace,Everton,,
2025/2/15,Fulham,Nottingham Forest,,
2025/2/15,Liverpool,Wolverhampton Wanderers,,
2025/2/15,West Ham United,Brentford,,
2025/2/15,Manchester City,Newcastle United,,
2025/2/15,Leicester City,Arsenal,,
2025/2/15,Southampton,AFC Bournemouth,,
2025/2/15,Brighton & Hove Albion,Chelsea,,
2025/2/22,Aston Villa,Chelsea,,
2025/2/22,Fulham,Crystal Palace,,
2025/2/22,Ipswich Town,Tottenham Hotspur,,
2025/2/22,Newcastle United,Nottingham Forest,,
2025/2/22,AFC Bournemouth,Wolverhampton Wanderers,,
2025/2/22,Leicester City,Brentford,,
2025/2/22,Arsenal,West Ham United,,
2025/2/22,Manchester City,Liverpool,,
2025/2/22,Everton,Manchester United,,
2025/2/22,Southampton,Brighton & Hove Albion,,
2025/2/25,West Ham United,Leicester City,,
2025/2/25,Brentford,Everton,,
2025/2/25,Tottenham Hotspur,Manchester City,,
2025/2/25,Wolverhampton Wanderers,Fulham,,
2025/2/25,Nottingham Forest,Arsenal,,
2025/2/25,Brighton & Hove Albion,AFC Bournemouth,,
2025/2/25,Crystal Palace,Aston Villa,,
2025/2/26,Chelsea,Southampton,,
2025/2/26,Liverpool,Newcastle United,,
2025/2/26,Manchester United,Ipswich Town,,
2025/3/8,Liverpool,Southampton,,
2025/3/8,Chelsea,Leicester City,,
2025/3/8,Wolverhampton Wanderers,Everton,,
2025/3/8,West Ham United,Newcastle United,,
2025/3/8,Tottenham Hotspur,AFC Bournemouth,,
2025/3/8,Manchester United,Arsenal,,
2025/3/8,Crystal Palace,Ipswich Town,,
2025/3/8,Nottingham Forest,Manchester City,,
2025/3/8,Brighton & Hove Albion,Fulham,,
2025/3/8,Brentford,Aston Villa,,
2025/3/15,Arsenal,Chelsea,,
2025/3/15,Aston Villa,Liverpool,,
2025/3/15,Fulham,Tottenham Hotspur,,
2025/3/15,Newcastle United,Crystal Palace,,
2025/3/15,Leicester City,Manchester United,,
2025/3/15,Manchester City,Brighton & Hove Albion,,
2025/3/15,Ipswich Town,Nottingham Forest,,
2025/3/15,Everton,West Ham United,,
2025/3/15,Southampton,Wolverhampton Wanderers,,
2025/3/15,AFC Bournemouth,Brentford,,
2025/4/1,Brighton & Hove Albion,Aston Villa,,
2025/4/1,AFC Bournemouth,Ipswich Town,,
2025/4/1,Wolverhampton Wanderers,West Ham United,,
2025/4/1,Arsenal,Fulham,,
2025/4/1,Nottingham Forest,Manchester United,,
2025/4/2,Southampton,Crystal Palace,,
2025/4/2,Chelsea,Tottenham Hotspur,,
2025/4/2,Manchester City,Leicester City,,
2025/4/2,Newcastle United,Brentford,,
2025/4/2,Liverpool,Everton,,
2025/4/5,West Ham United,AFC Bournemouth,,
2025/4/5,Manchester United,Manchester City,,
2025/4/5,Brentford,Chelsea,,
2025/4/5,Aston Villa,Nottingham Forest,,
2025/4/5,Everton,Arsenal,,
2025/4/5,Fulham,Liverpool,,
2025/4/5,Ipswich Town,Wolverhampton Wanderers,,
2025/4/5,Leicester City,Newcastle United,,
2025/4/5,Crystal Palace,Brighton & Hove Albion,,
2025/4/5,Tottenham Hotspur,Southampton,,
2025/4/12,AFC Bournemouth,Fulham,,
2025/4/12,Newcastle United,Manchester United,,
2025/4/12,Arsenal,Brentford,,
2025/4/12,Liverpool,West Ham United,,
2025/4/12,Wolverhampton Wanderers,Tottenham Hotspur,,
2025/4/12,Brighton & Hove Albion,Leicester City,,
2025/4/12,Manchester City,Crystal Palace,,
2025/4/12,Nottingham Forest,Everton,,
2025/4/12,Chelsea,Ipswich Town,,
2025/4/12,Southampton,Aston Villa,,
2025/4/19,Leicester City,Liverpool,,
2025/4/19,Ipswich Town,Arsenal,,
2025/4/19,Brentford,Brighton & Hove Albion,,
2025/4/19,Aston Villa,Newcastle United,,
2025/4/19,Tottenham Hotspur,Nottingham Forest,,
2025/4/19,West Ham United,Southampton,,
2025/4/19,Crystal Palace,AFC Bournemouth,,
2025/4/19,Everton,Manchester City,,
2025/4/19,Fulham,Chelsea,,
2025/4/19,Manchester United,Wolverhampton Wanderers,,
2025/4/26,Chelsea,Everton,,
2025/4/26,Wolverhampton Wanderers,Leicester City,,
2025/4/26,Newcastle United,Ipswich Town,,
2025/4/26,Manchester City,Aston Villa,,
2025/4/26,Liverpool,Tottenham Hotspur,,
2025/4/26,Arsenal,Crystal Palace,,
2025/4/26,AFC Bournemouth,Manchester United,,
2025/4/26,Southampton,Fulham,,
2025/4/26,Nottingham Forest,Brentford,,
2025/4/26,Brighton & Hove Albion,West Ham United,,
2025/5/3,Chelsea,Liverpool,,
2025/5/3,Brentford,Manchester United,,
2025/5/3,Manchester City,Wolverhampton Wanderers,,
2025/5/3,West Ham United,Tottenham Hotspur,,
2025/5/3,Crystal Palace,Nottingham Forest,,
2025/5/3,Arsenal,AFC Bournemouth,,
2025/5/3,Everton,Ipswich Town,,
2025/5/3,Aston Villa,Fulham,,
2025/5/3,Brighton & Hove Albion,Newcastle United,,
2025/5/3,Leicester City,Southampton,,
2025/5/10,Liverpool,Arsenal,,
2025/5/10,Southampton,Manchester City,,
2025/5/10,Tottenham Hotspur,Crystal Palace,,
2025/5/10,Fulham,Everton,,
2025/5/10,Newcastle United,Chelsea,,
2025/5/10,Nottingham Forest,Leicester City,,
2025/5/10,Manchester United,West Ham United,,
2025/5/10,AFC Bournemouth,Aston Villa,,
2025/5/10,Ipswich Town,Brentford,,
2025/5/10,Wolverhampton Wanderers,Brighton & Hove Albion,,
2025/5/18,Brentford,Fulham,,
2025/5/18,Arsenal,Newcastle United,,
2025/5/18,Brighton & Hove Albion,Liverpool,,
2025/5/18,Leicester City,Ipswich Town,,
2025/5/18,West Ham United,Nottingham Forest,,
2025/5/18,Everton,Southampton,,
2025/5/18,Aston Villa,Tottenham Hotspur,,
2025/5/18,Chelsea,Manchester United,,
2025/5/18,Manchester City,AFC Bournemouth,,
2025/5/18,Crystal Palace,Wolverhampton Wanderers,,
2025/5/25,Southampton,Arsenal,,
2025/5/25,Liverpool,Crystal Palace,,
2025/5/25,Ipswich Town,West Ham United,,
2025/5/25,AFC Bournemouth,Leicester City,,
2025/5/25,Newcastle United,Everton,,
2025/5/25,Fulham,Manchester City,,
2025/5/25,Nottingham Forest,Chelsea,,
2025/5/25,Manchester United,Aston Villa,,
2025/5/25,Wolverhampton Wanderers,Brentford,,
2025/5/25,Tottenham Hotspur,Brighton & Hove Albion,,
